{"cameraMode":{"drawMode":0,"name":"Shaded","section":"Shading Mode"},"sceneLighting":true,"audioPlay":false,"sceneViewState":{"showFog":true,"showMaterialUpdate":false,"showSkybox":true,"showFlares":true,"showImageEffects":true,"showParticleSystems":true,"showVisualEffectGraphs":true,"m_FxEnabled":true},"in2DMode":false,"pivot":{"x":36.56294631958008,"y":42.86900329589844,"z":-29.649547576904298},"rotation":{"x":0.13770312070846559,"y":-0.04870029538869858,"z":0.0067792413756251339,"w":0.9892573356628418},"size":7.516162872314453,"orthographic":false}