{"cameraMode":{"drawMode":0,"name":"Shaded","section":"Shading Mode"},"sceneLighting":true,"audioPlay":false,"sceneViewState":{"showFog":true,"showMaterialUpdate":false,"showSkybox":true,"showFlares":true,"showImageEffects":true,"showParticleSystems":true,"showVisualEffectGraphs":true,"m_FxEnabled":true},"in2DMode":false,"pivot":{"x":73.41600799560547,"y":10.529105186462403,"z":85.29212188720703},"rotation":{"x":-0.19992439448833466,"y":0.016751036047935487,"z":-0.0034178802743554117,"w":-0.9796661734580994},"size":15.368205070495606,"orthographic":false}