{"cameraMode":{"drawMode":0,"name":"Shaded","section":"Shading Mode"},"sceneLighting":true,"audioPlay":false,"sceneViewState":{"showFog":true,"showMaterialUpdate":false,"showSkybox":true,"showFlares":true,"showImageEffects":true,"showParticleSystems":true,"showVisualEffectGraphs":true,"m_FxEnabled":true},"in2DMode":false,"pivot":{"x":13.77657699584961,"y":9.169597625732422,"z":15.567413330078125},"rotation":{"x":0.09848429262638092,"y":0.030443498864769937,"z":0.0030147030483931305,"w":-0.9946703314781189},"size":19.66326332092285,"orthographic":false}